{
    "username": "michelangelozz",
    "name": "Michelangelo",
    "sex": "Hombre",
    "age": 88,
    "height": 172,
    "body_type": "Ectomorfo",
    "activity_level": 4,
    "ratings": {
        "Carne": 0.0,
        "Pollo": 0.3333333333333333,
        "Pescado": 0.3333333333333333,
        "Legumbres": 0.3333333333333333,
        "Verduras": 0.0,
        "Patatas": 0.25,
        "Arroz": 0.0,
        "Pasta": 0.75,
        "Huevos": 0.08333333333333331
    },
    "objective": 1,
    "using_scale": false,
    "weight": 67,
    "bmi": 22.647376960519203,
    "bmr": 1253.7960000000003,
    "tdee": 2162.7981000000004,
    "water_intake": 2076.2861760000005,
    "macro_objectives": {
        "energia": 2162.7981000000004,
        "grasa": 84.10881500000002,
        "proteina": 243.31478625000003,
        "carbohidratos": 108.13990500000001
    }
}