{
    "username": "Sample",
    "name": "Sample",
    "sex": "Mujer",
    "age": 22,
    "height": 168,
    "body_type": "Mesomorfo",
    "activity_level": 3,
    "ratings": {
        "Carne": -1.0,
        "Pollo": 0.3333333333333333,
        "Pescado": -0.3333333333333333,
        "Legumbres": 0.3333333333333333,
        "Verduras": 0.12,
        "Patatas": -0.75,
        "Arroz": -0.375,
        "Pasta": 0.25,
        "Huevos": -0.05833333333333329
    },
    "objective": 1,
    "using_scale": false,
    "weight": 65,
    "bmi": 23.030045351473927,
    "bmr": 1484.623,
    "tdee": 2301.16565,
    "water_intake": 2209.1190239999996,
    "macro_objectives": {
        "energia": 2301.16565,
        "grasa": 76.70552166666666,
        "proteina": 172.58742374999997,
        "carbohidratos": 230.11656499999998
    }
}